INSERT INTO users(name, username, userpass, email) VALUES ('Ruben', 'nbRuben', '1234', 'nbRuben@gmail.com');
INSERT INTO users(name, username, userpass, email) VALUES ('Miki', 'Mikiodelg', '1234', 'Mikiodelg@hotmail.com');
INSERT INTO users(name, username, userpass, email) VALUES ('Alejandro', 'Alej563', '1234', 'socorro@hotmail.com');
INSERT INTO user_roles(username, rolename) VALUES ('nbRuben', 'admin');
INSERT INTO user_roles(username, rolename) VALUES ('Mikiodelg', 'registered');
INSERT INTO user_roles(username, rolename) VALUES ('Alej563', 'registered');
INSERT INTO events(title, coord_x, coord_y, category, description, owner, state, public, event_date, popularity) VALUES('Super Evento', '40.36328834091582', '-3.636474609375', 'otros', 'El evento mas genial', 'nbRuben', 'Abierto', TRUE, DATE '2014-05-20', 1);
SELECT SLEEP(1);
INSERT INTO events(title, coord_x, coord_y, category, description, owner, state, public, event_date, popularity) VALUES('Final del Mundial', '-9.10209673872643', '-52.44873046875', 'deportes', 'Brasil-Alemania en Maracana, quien ganara?', 'nbRuben', 'Abierto', TRUE, DATE '2014-07-14', 3);
SELECT SLEEP(1);
INSERT INTO events(title, coord_x, coord_y, category, description, owner, state, public, event_date, popularity) VALUES('Exposicion Cuadros', '41.284127499930406', '1.9776248931884766', 'cultura', 'Expongo mis mejores cuadros en el museo Paint. Arte abstracto.', 'Mikiodelg', 'Cerrado', TRUE, DATE '2014-04-23', 2);
SELECT SLEEP(1);
INSERT INTO events(title, coord_x, coord_y, category, description, owner, state, public, event_date, popularity) VALUES('Maraton contra el cancer', '41.27443607480401', '1.979459524154663', 'deportes', 'Maraton de 20km para recaudar fondos contra el cancer', 'Alej563', 'Abierto', TRUE, DATE '2014-06-30', 1);
SELECT SLEEP(1);
INSERT INTO events(title, coord_x, coord_y, category, description, owner, state, public, event_date, popularity) VALUES('Concierto de Dorne', '41.39838083594338', '2.191042900085449', 'musica', 'Concierto de mi banda. Nos llamamos Dorne y somos de genero rockero. Ven a vernos!', 'Mikiodelg', 'Abierto', TRUE, DATE '2014-07-10', 1);
SELECT SLEEP(1);
INSERT INTO comments(username, event_id, comment) VALUES('Mikiodelg', 1, 'Es verdad que es genial');
SELECT SLEEP(1);
INSERT INTO comments(username, event_id, comment) VALUES('nbRuben', 1, 'Lo se Mikiodelg');
SELECT SLEEP(1);
INSERT INTO comments(username, event_id, comment) VALUES('Mikiodelg', 2, 'Quien crees que ganara?');
SELECT SLEEP(1);
INSERT INTO comments(username, event_id, comment) VALUES('nbRuben', 2, 'Yo creo que Alemania');
SELECT SLEEP(1);
INSERT INTO comments(username, event_id, comment) VALUES('Alej563', 2, 'Pues yo pienso que Brasil');
SELECT SLEEP(1);
INSERT INTO comments(username, event_id, comment) VALUES('Mikiodelg', 3, 'Nadie comenta?');
SELECT SLEEP(1);
INSERT INTO comments(username, event_id, comment) VALUES('Alej563', 4, 'Teneis que asistir, es una buena causa');
SELECT SLEEP(1);
INSERT INTO event_users(username, event_id) VALUES('Mikiodelg', 2);
INSERT INTO event_users(username, event_id) VALUES('Alej563', 2);
INSERT INTO event_users(username, event_id) VALUES('nbRuben', 2);
INSERT INTO event_users(username, event_id) VALUES('nbRuben', 1);
INSERT INTO event_users(username, event_id) VALUES('Mikiodelg', 3);
INSERT INTO event_users(username, event_id) VALUES('Alej563', 3);
INSERT INTO event_users(username, event_id) VALUES('nbRuben', 3);
INSERT INTO event_users(username, event_id) VALUES('Alej563', 4);
INSERT INTO event_users(username, event_id) VALUES('Mikiodelg', 5);
INSERT INTO friends(username_a, username_b) VALUES('nbRuben', 'Alej563');
INSERT INTO friends(username_a, username_b) VALUES('nbRuben', 'Mikiodelg');
INSERT INTO friends(username_a, username_b) VALUES('Mikiodelg', 'Alej563');


